ClusterID,Dim0,Dim1
0,85.3894,2.17423
1,24.0719,-8.26818
2,131.855,15.2294
3,51.223,-6.09382
