ClusterID,Dim0,Dim1,Dim2,Dim3,Dim4,Dim5,Dim6,Dim7,Dim8,Dim9,Dim10
0,-0.0621987,0.0513982,0.110913,0.486521,0.0289646,1.10599,1.37466,0.386829,-0.166867,-0.175479,-0.563324
1,-0.449015,0.680954,-0.786933,-0.213912,-0.0736769,-0.404178,-0.379949,-0.0542943,0.373314,-0.407868,-0.441485
2,-0.689924,-0.448086,-0.148595,-0.264213,-0.431809,0.158605,-0.213917,-1.2158,0.638445,0.127823,1.23702
3,1.24594,-0.655921,1.14671,0.102147,0.426274,-0.493028,-0.458103,0.721713,-0.901585,0.628755,0.118669
